EC_A,Thick_A,EC_B,Thick_B,EC_C
7.341892154432607,0.28522956738316535,18.717280990014173,0.4857377299783009,1.50563534288707